{
  "apiVersion": "vlabs",
  "properties": {
    "orchestratorProfile": {
      "orchestratorType": "Kubernetes",
      "orchestratorRelease": "1.13",
      "kubernetesConfig": {
        "networkPlugin": "azure",
        "addons": [
          {
            "name": "kubernetes-dashboard",
            "enabled": false
          }
        ]
      }
    },
    "masterProfile": {
      "count": 3,
      "dnsPrefix": "",
      "vmSize": "Standard_A2_v2",
      "availabilityProfile": "VirtualMachineScaleSets",
      "availabilityZones": ["1", "2", "3"]
    },
    "agentPoolProfiles": [
      {
        "name": "workers",
        "count": 3,
        "vmSize": "Standard_A2_v2",
        "availabilityProfile": "VirtualMachineScaleSets",
        "availabilityZones": ["1", "2", "3"]
      }
    ],
    "linuxProfile": {
      "adminUsername": "azureuser",
      "ssh": {
        "publicKeys": [
          {
            "keyData": ""
          }
        ]
      }
    },
    "servicePrincipalProfile": {
      "clientId": "",
      "secret": ""
    }
  }
}
