{
	"ImportPath": "github.com/scaleway/scaleway-cli",
	"GoVersion": "go1.7",
	"GodepVersion": "v74",
	"Packages": [
		"github.com/scaleway/scaleway-cli",
		"github.com/scaleway/scaleway-cli/pkg/api",
		"github.com/scaleway/scaleway-cli/pkg/cli",
		"github.com/scaleway/scaleway-cli/pkg/commands",
		"github.com/scaleway/scaleway-cli/pkg/config",
		"github.com/scaleway/scaleway-cli/pkg/pricing",
		"github.com/scaleway/scaleway-cli/pkg/scwversion",
		"github.com/scaleway/scaleway-cli/pkg/sshcommand",
		"github.com/scaleway/scaleway-cli/pkg/utils",
		"github.com/scaleway/scaleway-cli/cmd/scw"
	],
	"Deps": [
		{
			"ImportPath": "github.com/Sirupsen/logrus",
			"Comment": "v0.10.0-18-g6d9ae30",
			"Rev": "6d9ae300aaf85d6acd2e5424081c7fcddb21dab8"
		},
		{
			"ImportPath": "github.com/creack/goselect",
			"Rev": "40085cf5fd629ccd88dc328895f1f137d09a1de4"
		},
		{
			"ImportPath": "github.com/davecgh/go-spew/spew",
			"Rev": "5215b55f46b2b919f50a1df0eaa5886afe4e3b3d"
		},
		{
			"ImportPath": "github.com/docker/docker/pkg/archive",
			"Comment": "v1.4.1-11994-g1e40687",
			"Rev": "1e4068713bdc7ac57c5134ae0469dc7ecefb8445"
		},
		{
			"ImportPath": "github.com/docker/docker/pkg/fileutils",
			"Comment": "v1.4.1-11994-g1e40687",
			"Rev": "1e4068713bdc7ac57c5134ae0469dc7ecefb8445"
		},
		{
			"ImportPath": "github.com/docker/docker/pkg/homedir",
			"Comment": "v1.4.1-11994-g1e40687",
			"Rev": "1e4068713bdc7ac57c5134ae0469dc7ecefb8445"
		},
		{
			"ImportPath": "github.com/docker/docker/pkg/idtools",
			"Comment": "v1.4.1-11994-g1e40687",
			"Rev": "1e4068713bdc7ac57c5134ae0469dc7ecefb8445"
		},
		{
			"ImportPath": "github.com/docker/docker/pkg/ioutils",
			"Comment": "v1.4.1-11994-g1e40687",
			"Rev": "1e4068713bdc7ac57c5134ae0469dc7ecefb8445"
		},
		{
			"ImportPath": "github.com/docker/docker/pkg/longpath",
			"Comment": "v1.4.1-11994-g1e40687",
			"Rev": "1e4068713bdc7ac57c5134ae0469dc7ecefb8445"
		},
		{
			"ImportPath": "github.com/docker/docker/pkg/mflag",
			"Comment": "v1.4.1-11994-g1e40687",
			"Rev": "1e4068713bdc7ac57c5134ae0469dc7ecefb8445"
		},
		{
			"ImportPath": "github.com/docker/docker/pkg/namesgenerator",
			"Comment": "v1.4.1-11994-g1e40687",
			"Rev": "1e4068713bdc7ac57c5134ae0469dc7ecefb8445"
		},
		{
			"ImportPath": "github.com/docker/docker/pkg/pools",
			"Comment": "v1.4.1-11994-g1e40687",
			"Rev": "1e4068713bdc7ac57c5134ae0469dc7ecefb8445"
		},
		{
			"ImportPath": "github.com/docker/docker/pkg/promise",
			"Comment": "v1.4.1-11994-g1e40687",
			"Rev": "1e4068713bdc7ac57c5134ae0469dc7ecefb8445"
		},
		{
			"ImportPath": "github.com/docker/docker/pkg/random",
			"Comment": "v1.4.1-11994-g1e40687",
			"Rev": "1e4068713bdc7ac57c5134ae0469dc7ecefb8445"
		},
		{
			"ImportPath": "github.com/docker/docker/pkg/system",
			"Comment": "v1.4.1-11994-g1e40687",
			"Rev": "1e4068713bdc7ac57c5134ae0469dc7ecefb8445"
		},
		{
			"ImportPath": "github.com/docker/go-units",
			"Comment": "v0.3.0-2-g09dda9d",
			"Rev": "09dda9d4b0d748c57c14048906d3d094a58ec0c9"
		},
		{
			"ImportPath": "github.com/dustin/go-humanize",
			"Rev": "f3565c9525600a911af3bd34f8b535ea81b2a9e0"
		},
		{
			"ImportPath": "github.com/gopherjs/gopherjs/js",
			"Comment": "go1.5-64-g78919e0",
			"Rev": "78919e0ff9540aec8ec7ddf27fbf607ae41abc2f"
		},
		{
			"ImportPath": "github.com/gorilla/websocket",
			"Rev": "1f512fc3f05332ba7117626cdfb4e07474e58e60"
		},
		{
			"ImportPath": "github.com/hashicorp/go-version",
			"Rev": "0181db47023708a38c2d20d2fe25a5fa034d5743"
		},
		{
			"ImportPath": "github.com/jtolds/gls",
			"Comment": "v4.2.0",
			"Rev": "8ddce2a84170772b95dd5d576c48d517b22cac63"
		},
		{
			"ImportPath": "github.com/kardianos/osext",
			"Rev": "29ae4ffbc9a6fe9fb2bc5029050ce6996ea1d3bc"
		},
		{
			"ImportPath": "github.com/mattn/go-isatty",
			"Rev": "56b76bdf51f7708750eac80fa38b952bb9f32639"
		},
		{
			"ImportPath": "github.com/moul/anonuuid",
			"Comment": "v1.0.0-21-g609b752",
			"Rev": "609b752a95effbbef26d134ac18ed6f57e01b98e"
		},
		{
			"ImportPath": "github.com/moul/gotty-client",
			"Comment": "v1.6.0-4-g92f0c24",
			"Rev": "92f0c24d5b2985522174e3ff5ad882a1c4d7f1d9"
		},
		{
			"ImportPath": "github.com/moul/http2curl",
			"Rev": "b1479103caacaa39319f75e7f57fc545287fca0d"
		},
		{
			"ImportPath": "github.com/opencontainers/runc/libcontainer/user",
			"Comment": "v0.1.1-131-g57b9972",
			"Rev": "57b997243d52f70a78cfea5e31ccb69f37450b5a"
		},
		{
			"ImportPath": "github.com/pmezard/go-difflib/difflib",
			"Rev": "792786c7400a136282c1664665ae0a8db921c6c2"
		},
		{
			"ImportPath": "github.com/renstrom/fuzzysearch/fuzzy",
			"Comment": "v1.0.0-2-g2d205ac",
			"Rev": "2d205ac6ec17a839a94bdbfd16d2fa6c6dada2e0"
		},
		{
			"ImportPath": "github.com/skratchdot/open-golang/open",
			"Rev": "75fb7ed4208cf72d323d7d02fd1a5964a7a9073c"
		},
		{
			"ImportPath": "github.com/smartystreets/assertions",
			"Comment": "1.6.0-6-g40711f7",
			"Rev": "40711f7748186bbf9c99977cd89f21ce1a229447"
		},
		{
			"ImportPath": "github.com/smartystreets/assertions/internal/go-render/render",
			"Comment": "1.6.0-6-g40711f7",
			"Rev": "40711f7748186bbf9c99977cd89f21ce1a229447"
		},
		{
			"ImportPath": "github.com/smartystreets/assertions/internal/oglematchers",
			"Comment": "1.6.0-6-g40711f7",
			"Rev": "40711f7748186bbf9c99977cd89f21ce1a229447"
		},
		{
			"ImportPath": "github.com/smartystreets/goconvey/convey",
			"Comment": "1.6.2-2-gc53abc9",
			"Rev": "c53abc99456fa3402dd33c15ee51c3e545e04a3f"
		},
		{
			"ImportPath": "github.com/smartystreets/goconvey/convey/gotest",
			"Comment": "1.6.2-2-gc53abc9",
			"Rev": "c53abc99456fa3402dd33c15ee51c3e545e04a3f"
		},
		{
			"ImportPath": "github.com/smartystreets/goconvey/convey/reporting",
			"Comment": "1.6.2-2-gc53abc9",
			"Rev": "c53abc99456fa3402dd33c15ee51c3e545e04a3f"
		},
		{
			"ImportPath": "github.com/stretchr/testify/assert",
			"Comment": "v1.1.3-18-g8d64eb7",
			"Rev": "8d64eb7173c7753d6419fd4a9caf057398611364"
		},
		{
			"ImportPath": "golang.org/x/crypto/curve25519",
			"Rev": "5bcd134fee4dd1475da17714aac19c0aa0142e2f"
		},
		{
			"ImportPath": "golang.org/x/crypto/ed25519",
			"Rev": "5bcd134fee4dd1475da17714aac19c0aa0142e2f"
		},
		{
			"ImportPath": "golang.org/x/crypto/ed25519/internal/edwards25519",
			"Rev": "5bcd134fee4dd1475da17714aac19c0aa0142e2f"
		},
		{
			"ImportPath": "golang.org/x/crypto/ssh",
			"Rev": "5bcd134fee4dd1475da17714aac19c0aa0142e2f"
		},
		{
			"ImportPath": "golang.org/x/crypto/ssh/terminal",
			"Rev": "5bcd134fee4dd1475da17714aac19c0aa0142e2f"
		},
		{
			"ImportPath": "golang.org/x/net/context",
			"Rev": "dfd9ed699ea197b58a32e0d1dcfa2be66f127ec4"
		},
		{
			"ImportPath": "golang.org/x/sync/errgroup",
			"Rev": "316e794f7b5e3df4e95175a45a5fb8b12f85cb4f"
		},
		{
			"ImportPath": "golang.org/x/sys/unix",
			"Rev": "d4feaf1a7e61e1d9e79e6c4e76c6349e9cab0a03"
		}
	]
}
