{
	"AppName": "scw",
	"ArtifactsDest": "dist",
	"OutPath": "{{.Dest}}{{.PS}}{{.Version}}{{.PS}}{{.Os}}_{{.Arch}}{{.PS}}{{.ExeName}}{{.Ext}}",
	"Tasks": [
		"default",
		"deb-source",
		"downloads-page"
	],
	"TasksExclude": [
		"go-test",
		"bintray",
		"go-vet",
		"rmbin",
		"publish-github"
	],
	"BuildConstraints": "darwin linux windows freebsd netbsd",
	"ResourcesExclude": "*.go .goxc-temp",
	"MainDirsExclude": "vendor,Godeps,testdata",
	"PackageVersion": "1.11.1",
	"TaskSettings": {
		"bintray": {
			"downloadspage": "bintray.md",
			"package": "scaleway-cli",
			"repository": "gh",
			"subject": "scaleway"
		},
		"codesign": {
			"id": "scaleway-cli"
		},
		"downloads-page": {
			"filename": "index.md",
			"templateFile": "downloads.tpl"
		},
		"publish-github": {
			"owner": "scaleway",
			"prerelease": false,
			"repository": "scaleway-cli"
		},
		"xc": {
			"GOARM": "5"
		}
	},
	"ConfigVersion": "0.9"
}
