{
    "apiVersion": "vlabs",
    "properties": {
      "orchestratorProfile": {
        "orchestratorType": "Kubernetes",
        "orchestratorRelease": "1.13",
        "kubernetesConfig": {
          "networkPlugin": "azure",
          "containerRuntime": "containerd",
          "addons": [
            {
              "name": "kubernetes-dashboard",
              "enabled" : false
            }
          ]
        }
      },
      "masterProfile": {
        "count": 1,
        "dnsPrefix": "",
        "vmSize": "Standard_A2_v2"
      },
      "agentPoolProfiles": [
        {
          "name": "workers",
          "count": 3,
          "vmSize": "Standard_A2_v2",
          "availabilityProfile": "VirtualMachineScaleSets",
          "enableVMSSNodePublicIP": true
        }
      ],
      "linuxProfile": {
        "adminUsername": "azureuser",
        "ssh": {
          "publicKeys": [
            {
              "keyData": ""
            }
          ]
        }
      },
      "servicePrincipalProfile": {
        "clientId": "",
        "secret": ""
      }
    }
  }
  