{
	"api": {
		"routes": [
			{
				"request": {
					"method": "GET",
					"host": "127.0.0.1:10001",
					"path": "/"
				},
				"response": {
					"status_code": 302,
					"header": {
						"location": "http://example.com"
					}
				},
				"weight": 1.0
			},
			{
				"request": {
					"method": "POST",
					"host": "127.0.0.1:10001",
					"path": "/foo"
				},
				"response": {
					"status_code": 301,
					"header": {
						"location": "http://foo.bar.com"
					}
				},
				"weight": 1.0
			},
			{
				"request": {
					"method": "GET",
					"host": "127.0.0.1:10001",
					"path": "/foobar"
				},
				"proxy_url": {
					"scheme": "http",
					"host": "www.google.com",
					"path": "/"
				},
				"weight": 1.0,
				"type": "proxy"
			}
		]
	}
}
